地段位置或門牌,交易年月,總價(萬元),單價,總面積,主建物佔比,型態,樓別/樓高
大學路５３巷６弄１６號,2023/3/3,220.0,26.4,8.35,75.80,公寓(5樓含以下無電梯),一層/三層
珠浦南路５０巷１１號二樓,2023/3/2,605.0,28.2,21.42,72.94,華廈(10層含以下有電梯),二層/五層
後豐港３９之６號四樓,2023/1/10,630.0,25.2,24.95,78.60,華廈(10層含以下有電梯),四層/五層
珠浦南路５０巷１１號三樓,2022/12/27,580.0,27.1,21.42,72.94,華廈(10層含以下有電梯),三層/五層
珠浦南路５０巷１２號三樓,2022/12/27,580.0,27.1,21.42,72.94,華廈(10層含以下有電梯),三層/五層
後豐港３９之６號三樓,2022/12/26,630.0,25.2,24.95,78.60,華廈(10層含以下有電梯),三層/五層
後豐港３９之５號三樓,2022/12/21,650.0,26.3,24.72,78.40,華廈(10層含以下有電梯),三層/五層
西海路三段３９巷２弄５號二樓,2022/12/14,655.0,20.4,32.16,73.70,華廈(10層含以下有電梯),二層/五層
金門城２３０號三樓,2022/12/12,485.0,20.6,23.5,73.75,華廈(10層含以下有電梯),三層/五層
後豐港３９之６號五樓,2022/12/12,775.0,26.0,37.1,75.00,華廈(10層含以下有電梯),五層/五層
民權路２２６巷２弄１２號五樓之１,2022/12/9,1060.0,26.5,47.17,67.49,住宅大樓(11層含以上有電梯),五層/十一層
後豐港３９之２號三樓,2022/12/8,600.0,24.1,24.9,78.76,華廈(10層含以下有電梯),三層/五層
後豐港３９之３號三樓,2022/12/8,600.0,24.3,24.67,78.56,華廈(10層含以下有電梯),三層/五層
後豐港３９之２號四樓,2022/12/8,600.0,24.1,24.9,78.76,華廈(10層含以下有電梯),四層/五層
金門城１０６之１０號二樓,2022/11/30,500.0,19.8,25.2,73.11,華廈(10層含以下有電梯),二層/五層
珠浦南路７４巷３７號四樓,2022/11/22,930.0,28.7,32.42,77.81,華廈(10層含以下有電梯),四層/五層
金門城２３０號,2022/11/18,540.0,23.0,23.5,73.75,公寓(5樓含以下無電梯),一層/五層
珠浦南路５０巷１１號,2022/11/11,620.0,30.7,20.21,77.32,華廈(10層含以下有電梯),一層/五層
民權路７０巷１１弄２２號３樓,2022/11/9,800.0,24.7,32.37,72.17,華廈(10層含以下有電梯),三層/六層
庵前４３之１號二樓,2022/11/8,778.0,22.7,34.24,84.72,華廈(10層含以下有電梯),二層/三層
珠浦南路５０巷１２號,2022/11/4,620.0,30.7,20.21,77.32,華廈(10層含以下有電梯),一層/五層
珠浦南路５０巷１２號二樓,2022/11/4,580.0,27.1,21.42,72.94,華廈(10層含以下有電梯),二層/五層
金門城２２８號二樓,2022/11/1,480.0,20.4,23.5,73.75,華廈(10層含以下有電梯),二層/五層
西海路三段３９巷２弄３號二樓,2022/11/1,660.0,20.5,32.21,73.74,華廈(10層含以下有電梯),二層/五層
民權路１２２巷１弄６之１號四樓之１,2022/10/26,350.0,32.2,10.85,75.08,公寓(5樓含以下無電梯),四層/四層
小古崗１９之９號三樓,2022/10/26,560.0,20.3,27.62,86.83,公寓(5樓含以下無電梯),三層/三層
金門城１１３之３號,2022/10/20,375.0,15.2,24.7,88.50,公寓(5樓含以下無電梯),一層/三層
山前１１之１號２樓,2022/10/11,700.0,22.4,31.28,88.66,公寓(5樓含以下無電梯),二層/三層
金門城２２８號三樓,2022/10/6,490.0,20.8,23.5,73.75,華廈(10層含以下有電梯),三層/五層
山前１１之２號２樓,2022/10/5,613.0,19.6,31.28,88.66,公寓(5樓含以下無電梯),二層/三層
民權路１２２巷１弄６號二樓,2022/10/3,630.0,28.3,22.23,78.87,公寓(5樓含以下無電梯),二層/四層
中興路１６１巷７號２樓,2022/10/1,740.0,20.9,35.46,87.54,公寓(5樓含以下無電梯),二層/五層
西海路三段３９巷２弄５號五樓,2022/9/27,680.0,21.1,32.16,73.70,華廈(10層含以下有電梯),五層/五層
金門城１０３之５號二樓,2022/9/23,590.0,18.9,31.22,73.48,華廈(10層含以下有電梯),二層/三層
金門城８９之２號三樓,2022/9/14,460.0,20.6,22.38,85.22,公寓(5樓含以下無電梯),三層/三層
金門城３０之１號二樓,2022/9/6,600.0,19.8,30.35,82.74,公寓(5樓含以下無電梯),二層/三層
山前１１之２號１樓,2022/9/1,648.0,21.4,30.29,91.56,公寓(5樓含以下無電梯),一層/三層
金門城１０３之３號二樓,2022/8/26,590.0,18.9,31.22,73.48,華廈(10層含以下有電梯),二層/三層
西海路三段３９巷２弄２號四樓,2022/8/24,660.0,20.5,32.16,73.70,華廈(10層含以下有電梯),四層/五層
山前１１之１號３樓,2022/8/18,750.0,24.0,31.28,88.66,公寓(5樓含以下無電梯),三層/三層
金山路１２１巷１６弄２２號二樓,2022/8/17,870.0,21.6,40.19,80.55,公寓(5樓含以下無電梯),二層/三層
珠浦西路２８巷２弄５號三樓,2022/7/29,900.0,24.3,37.0,80.75,華廈(10層含以下有電梯),三層/五層
金門城１０６之１０號三樓,2022/7/8,520.0,20.6,25.2,73.11,公寓(5樓含以下無電梯),三層/五層
環島北路一段３８巷１弄５號３樓,2022/7/7,690.0,19.8,34.88,80.16,公寓(5樓含以下無電梯),三層/三層
金門城２２７號,2022/7/5,535.0,22.8,23.5,73.75,華廈(10層含以下有電梯),一層/五層
金門城１０３之３號,2022/7/2,600.0,21.1,28.47,80.60,公寓(5樓含以下無電梯),一層/三層
金門城１０３之３號三樓,2022/6/26,600.0,19.2,31.22,73.48,華廈(10層含以下有電梯),三層/三層
山前１１之２號３樓,2022/6/23,635.0,20.3,31.28,88.66,公寓(5樓含以下無電梯),三層/三層
金門城１０６之１０號四樓,2022/6/10,580.0,23.0,25.2,73.11,華廈(10層含以下有電梯),四層/五層
金門城１０６之７號三樓,2022/6/8,590.0,19.6,30.07,81.17,公寓(5樓含以下無電梯),三層/三層
中興路２０５巷６號六樓,2022/6/3,940.0,26.1,36.01,72.58,華廈(10層含以下有電梯),六層/七層
山前２之２號５樓,2022/5/12,670.0,23.3,28.74,77.59,華廈(10層含以下有電梯),五層/五層
西海路三段３９巷２弄２號五樓,2022/5/12,660.0,20.5,32.16,73.70,華廈(10層含以下有電梯),五層/五層
西海路三段１０６巷１７弄５號三樓,2022/5/5,598.0,15.9,37.66,59.13,公寓(5樓含以下無電梯),三層/三層
民權路２２６巷２弄１２號三樓之３,2022/4/29,1280.0,30.4,48.21,68.44,住宅大樓(11層含以上有電梯),三層/十一層
民權路１２２巷１弄６號四樓之１,2022/4/29,340.0,31.3,10.85,75.08,公寓(5樓含以下無電梯),四層/四層
金門城８８之３號,2022/4/29,555.0,19.8,28.05,81.70,公寓(5樓含以下無電梯),一層/三層
金門城２３０號,2022/4/27,540.0,23.0,23.5,73.75,華廈(10層含以下有電梯),一層/五層
金門城２２７號五樓,2022/4/20,520.0,22.1,23.5,73.75,華廈(10層含以下有電梯),五層/五層
大古崗１２６號,2022/4/19,540.0,18.6,29.0,71.70,公寓(5樓含以下無電梯),一層/五層
西海路三段３９巷２弄３號三樓,2022/4/14,660.0,20.5,32.21,73.74,華廈(10層含以下有電梯),三層/五層
山前２之１號５樓,2022/4/13,670.0,23.3,28.74,77.59,華廈(10層含以下有電梯),五層/五層
民權路２２６巷４弄１５號５樓,2022/4/6,780.0,26.2,29.76,80.42,公寓(5樓含以下無電梯),五層/五層
前水頭１３９之１號二樓,2022/3/30,1390.0,22.2,62.56,80.43,公寓(5樓含以下無電梯),二層/三層
庵前４３之５號三樓,2022/3/25,320.0,22.2,14.44,86.01,公寓(5樓含以下無電梯),三層/三層
大學路５３巷６弄９號二樓,2022/3/25,250.0,20.8,12.01,71.51,公寓(5樓含以下無電梯),二層/三層
民權路２２６巷２弄１２號五樓之７,2022/3/15,1088.0,21.6,55.12,53.56,,五層/十一層
珠浦南路５０巷３弄７號五樓,2022/3/10,407.0,25.1,16.2,63.14,華廈(10層含以下有電梯),五層/五層
庵前５３之５號二樓,2022/3/4,690.0,20.9,33.01,87.16,公寓(5樓含以下無電梯),二層/三層
金門城１０３之５號,2022/2/22,580.0,20.4,28.47,80.60,華廈(10層含以下有電梯),一層/三層
浴井２６號二樓,2022/2/16,600.0,21.6,27.79,83.62,公寓(5樓含以下無電梯),二層/三層
大學路５３巷６弄１６號,2022/1/19,180.0,21.6,8.35,75.80,公寓(5樓含以下無電梯),一層/三層
民權路２２６巷４弄６號二樓,2022/1/19,850.0,24.6,34.52,73.57,華廈(10層含以下有電梯),二層/七層
民權路２２６巷２弄１２號七樓之２,2022/1/18,850.0,45.1,26.05,70.74,住宅大樓(11層含以上有電梯),七層/十一層
小古崗１９之９號二樓,2022/1/6,580.0,21.0,27.62,86.83,公寓(5樓含以下無電梯),二層/三層
大古崗１２６號五樓,2022/1/4,520.0,17.2,30.17,68.91,華廈(10層含以下有電梯),五層/五層
珠浦西路６巷２弄１號五樓,2021/12/17,710.0,28.8,24.65,62.01,華廈(10層含以下有電梯),五層/七層
金門城１０３之５號三樓,2021/12/13,580.0,18.6,31.22,73.48,華廈(10層含以下有電梯),三層/三層
西海路三段３９巷２弄５號三樓,2021/12/2,665.0,20.7,32.16,73.70,華廈(10層含以下有電梯),三層/五層
民權路２２６巷２弄１２號四樓之１,2021/12/1,1080.0,27.0,45.69,67.50,住宅大樓(11層含以上有電梯),四層/十一層
金門城２２８號三樓,2021/12/1,485.0,20.6,23.5,73.75,華廈(10層含以下有電梯),三層/五層
金門城２２８號四樓,2021/12/1,500.0,21.3,23.5,73.75,華廈(10層含以下有電梯),四層/五層
金門城２２８號五樓,2021/12/1,500.0,21.3,23.5,73.75,華廈(10層含以下有電梯),五層/五層
金門城２２９號,2021/12/1,540.0,23.0,23.5,73.75,華廈(10層含以下有電梯),一層/五層
金門城２２９號二樓,2021/12/1,500.0,21.3,23.5,73.75,華廈(10層含以下有電梯),二層/五層
金門城２２９號三樓,2021/12/1,485.0,20.6,23.5,73.75,華廈(10層含以下有電梯),三層/五層
金門城２２９號四樓,2021/12/1,465.0,19.8,23.5,73.75,華廈(10層含以下有電梯),四層/五層
金門城２２９號五樓,2021/12/1,520.0,22.1,23.5,73.75,華廈(10層含以下有電梯),五層/五層
金門城２３０號二樓,2021/12/1,480.0,20.4,23.5,73.75,華廈(10層含以下有電梯),二層/五層
金門城２３０號三樓,2021/12/1,485.0,20.6,23.5,73.75,華廈(10層含以下有電梯),三層/五層
金門城２３０號四樓,2021/12/1,470.0,20.0,23.5,73.75,華廈(10層含以下有電梯),四層/五層
金門城２３０號五樓,2021/12/1,520.0,22.1,23.5,73.75,華廈(10層含以下有電梯),五層/五層
西海路三段３９巷２弄３號五樓,2021/11/30,700.0,21.7,32.21,73.74,華廈(10層含以下有電梯),五層/五層
金門城３０之９號三樓,2021/11/26,530.0,17.3,30.63,81.99,公寓(5樓含以下無電梯),三層/三層
民權路２２６巷２弄１２號六樓之２,2021/11/24,830.0,28.0,36.97,70.73,住宅大樓(11層含以上有電梯),六層/十一層
賢聚４２之５號三樓,2021/11/22,660.0,21.2,31.09,76.29,華廈(10層含以下有電梯),三層/四層
富康一村９巷１８號三樓之１,2021/11/16,310.0,26.4,11.75,64.39,公寓(5樓含以下無電梯),三層/五層
西海路三段３９巷２弄３號四樓,2021/11/11,660.0,20.5,32.21,73.74,華廈(10層含以下有電梯),四層/五層
民權路２２６巷２弄１２號四樓之７,2021/11/9,1000.0,27.6,36.25,67.50,住宅大樓(11層含以上有電梯),四層/十一層
金門城８８之９號五樓,2021/11/8,460.0,19.5,23.56,80.58,華廈(10層含以下有電梯),五層/五層
山前２之２號２樓,2021/11/3,670.0,20.6,32.5,77.54,華廈(10層含以下有電梯),二層/五層
金門城１１３之３號三樓,2021/11/2,370.0,13.5,27.33,79.98,公寓(5樓含以下無電梯),三層/三層
大古崗１２６號二樓,2021/10/28,500.0,16.6,30.17,68.91,華廈(10層含以下有電梯),二層/五層
西海路三段１０６巷１７弄６號二樓,2021/10/6,655.0,15.0,43.67,62.32,公寓(5樓含以下無電梯),二層/三層
庵前４２之２號,2021/10/1,850.0,23.7,35.81,74.96,華廈(10層含以下有電梯),一層/五層
庵前４２之３號,2021/9/30,805.0,22.5,35.81,74.96,華廈(10層含以下有電梯),一層/五層
金門城２５之３號三樓,2021/9/27,209.0,20.8,10.05,83.44,公寓(5樓含以下無電梯),三層/三層
山前２之２號３樓,2021/9/25,665.0,20.5,32.5,77.54,華廈(10層含以下有電梯),三層/五層
民權路２２６巷２弄１２號六樓之６,2021/9/14,742.0,28.5,26.05,70.74,住宅大樓(11層含以上有電梯),六層/十一層
民權路２２６巷２弄１２號四樓之２,2021/9/8,800.0,30.7,26.05,70.74,住宅大樓(11層含以上有電梯),四層/十一層
金門城６８之６號三樓,2021/9/8,455.0,17.9,25.41,82.93,公寓(5樓含以下無電梯),三層/三層
金門城３０之９號二樓,2021/9/7,495.0,16.2,30.53,82.25,公寓(5樓含以下無電梯),二層/三層
西海路三段３９巷２弄２號四樓,2021/8/23,680.0,21.1,32.16,73.70,華廈(10層含以下有電梯),四層/五層
西海路三段３９巷２弄５號二樓,2021/8/23,680.0,21.1,32.16,73.70,華廈(10層含以下有電梯),二層/五層
西海路三段３９巷２弄５號四樓,2021/8/23,680.0,21.1,32.16,73.70,華廈(10層含以下有電梯),四層/五層
庵前４３之２號二樓,2021/8/18,410.0,20.6,19.95,88.05,公寓(5樓含以下無電梯),二層/三層
西海路三段１０６巷１７弄５號,2021/8/9,530.0,17.3,30.65,65.17,公寓(5樓含以下無電梯),一層/三層
小西門７６之２號,2021/8/1,940.0,21.9,42.89,79.72,華廈(10層含以下有電梯),一層/五層
庵前９之１號五樓,2021/7/23,680.0,22.2,30.64,77.75,華廈(10層含以下有電梯),五層/五層
庵前９之２號五樓,2021/7/23,680.0,22.2,30.64,77.75,華廈(10層含以下有電梯),五層/五層
庵前９之１號,2021/7/22,680.0,24.1,28.25,84.33,華廈(10層含以下有電梯),一層/五層
庵前９之２號二樓,2021/7/20,680.0,22.2,30.64,77.75,華廈(10層含以下有電梯),二層/五層
庵前９之５號,2021/7/17,620.0,24.4,25.36,91.40,公寓(5樓含以下無電梯),一層/三層
庵前９之６號三樓,2021/7/17,615.0,21.9,28.03,83.59,公寓(5樓含以下無電梯),三層/三層
庵前９之２號,2021/7/17,690.0,24.4,28.25,84.33,華廈(10層含以下有電梯),一層/五層
庵前９之２號四樓,2021/7/17,680.0,22.2,30.64,77.75,華廈(10層含以下有電梯),四層/五層
庵前９之３號二樓,2021/7/16,680.0,21.8,31.25,76.81,公寓(5樓含以下無電梯),二層/三層
庵前９之３號三樓,2021/7/16,689.0,22.1,31.25,76.81,公寓(5樓含以下無電梯),三層/三層
庵前９之６號二樓,2021/7/16,615.0,21.9,28.03,83.59,公寓(5樓含以下無電梯),二層/三層
庵前９之６號,2021/7/15,615.0,24.0,25.63,91.41,公寓(5樓含以下無電梯),一層/三層
庵前９之１號四樓,2021/7/15,680.0,22.2,30.64,77.75,華廈(10層含以下有電梯),四層/五層
庵前９之３號,2021/7/15,680.0,24.2,28.09,85.43,公寓(5樓含以下無電梯),一層/三層
庵前９之５號二樓,2021/7/15,615.0,22.2,27.76,83.51,公寓(5樓含以下無電梯),二層/三層
庵前９之１號二樓,2021/7/15,680.0,22.2,30.64,77.75,華廈(10層含以下有電梯),二層/五層
庵前９之５號三樓,2021/7/15,620.0,22.3,27.76,83.51,公寓(5樓含以下無電梯),三層/三層
庵前９之１號三樓,2021/7/14,680.0,22.2,30.64,77.75,華廈(10層含以下有電梯),三層/五層
庵前９之２號三樓,2021/7/14,680.0,22.2,30.64,77.75,華廈(10層含以下有電梯),三層/五層
山前２之１號３樓,2021/7/13,660.0,20.3,32.5,77.54,華廈(10層含以下有電梯),三層/五層
山前２之２號４樓,2021/7/5,670.0,20.6,32.5,77.54,華廈(10層含以下有電梯),四層/五層
山前２之１號４樓,2021/7/5,670.0,20.6,32.5,77.54,華廈(10層含以下有電梯),四層/五層
金門城２０６號二樓,2021/7/3,590.0,20.8,28.32,75.00,華廈(10層含以下有電梯),二層/五層
小古崗１９之９號,2021/7/3,600.0,23.0,26.09,91.93,公寓(5樓含以下無電梯),一層/三層
小西門５之１號,2021/6/22,520.0,20.5,25.33,87.32,公寓(5樓含以下無電梯),一層/三層
金門城５之１１號,2021/6/1,349.0,19.4,17.98,85.48,公寓(5樓含以下無電梯),一層/三層
大古崗１２６號四樓,2021/5/22,510.0,16.9,30.17,68.91,華廈(10層含以下有電梯),四層/五層
金門城５之１０號三樓,2021/5/19,310.0,15.8,19.58,78.51,公寓(5樓含以下無電梯),三層/三層
庵前４２之３號五樓,2021/5/17,735.0,20.5,35.81,74.96,華廈(10層含以下有電梯),五層/五層
庵前４２之３號二樓,2021/5/16,700.0,19.5,35.81,74.96,華廈(10層含以下有電梯),二層/五層
庵前４２之３號三樓,2021/5/16,700.0,19.5,35.81,74.96,華廈(10層含以下有電梯),三層/五層
庵前４２之３號四樓,2021/5/15,700.0,19.5,35.81,74.96,華廈(10層含以下有電梯),四層/五層
西海路三段１０６巷１７弄７號,2021/4/30,630.0,15.2,41.42,65.62,公寓(5樓含以下無電梯),一層/三層
庵前４２之２號五樓,2021/4/19,740.0,20.7,35.81,74.96,華廈(10層含以下有電梯),五層/五層
西海路三段１０６巷１７弄１０號二樓,2021/4/17,538.0,14.1,38.28,58.68,公寓(5樓含以下無電梯),二層/三層
民權路２２６巷２弄１２號六樓之１,2021/4/7,1115.0,28.0,47.17,67.49,住宅大樓(11層含以上有電梯),六層/十一層
民權路２２６巷２弄１２號三樓之１,2021/4/7,1238.0,30.0,48.83,64.54,住宅大樓(11層含以上有電梯),三層/十一層
民權路２２６巷２弄１２號三樓之７,2021/4/7,1338.0,30.0,59.76,64.54,住宅大樓(11層含以上有電梯),三層/十一層
西海路三段１０６巷１７弄１０號,2021/3/30,538.0,15.4,34.89,65.17,公寓(5樓含以下無電梯),一層/三層
金門城２０５號五樓,2021/3/25,550.0,19.7,27.98,76.39,華廈(10層含以下有電梯),五層/五層
金門城８８之８號四樓,2021/3/19,645.0,19.4,33.33,80.34,公寓(5樓含以下無電梯),四層/五層
大古崗１２７號三樓,2021/3/18,500.0,17.2,29.1,80.05,華廈(10層含以下有電梯),三層/五層
民權路２２６巷２弄１２號七樓之６,2021/3/17,780.0,29.9,26.05,70.74,住宅大樓(11層含以上有電梯),七層/十一層
民權路２２６巷２弄１２號三樓之６,2021/3/12,750.0,28.8,26.05,70.75,住宅大樓(11層含以上有電梯),三層/十一層
民權路２２６巷２弄１２號七樓之１,2021/3/2,1110.0,31.0,35.83,68.31,住宅大樓(11層含以上有電梯),七層/十一層
金門城３０之６號,2021/2/25,465.0,15.3,30.34,82.13,公寓(5樓含以下無電梯),一層/三層
金門城８８之１０號四樓,2021/2/24,503.0,19.0,26.41,77.50,華廈(10層含以下有電梯),四層/五層
小西門５０之５號,2021/2/1,510.0,12.9,39.45,88.80,公寓(5樓含以下無電梯),"一層,地下一層/三層"
庵前２９之７號三樓之１,2021/1/31,420.0,21.5,19.58,88.55,公寓(5樓含以下無電梯),三層/三層
大古崗１２７號四樓,2021/1/26,520.0,17.9,29.1,80.05,華廈(10層含以下有電梯),四層/五層
浴井５２號,2021/1/22,640.0,21.5,29.81,80.62,華廈(10層含以下有電梯),一層/五層
小西門５０之２號,2021/1/18,480.0,12.2,39.45,88.80,公寓(5樓含以下無電梯),"一層,地下一層/三層"
小西門５０之３號,2021/1/18,500.0,12.0,41.83,90.86,公寓(5樓含以下無電梯),"一層,地下一層/三層"
西海路三段３９巷２弄１６號１樓,2020/12/31,539.8,18.2,29.69,91.09,公寓(5樓含以下無電梯),一層/三層
珠浦西路５０巷１３弄１３號４樓,2020/12/31,700.0,21.0,33.32,82.67,公寓(5樓含以下無電梯),四層/五層
民權路３０巷３弄１號四樓,2020/12/28,550.0,18.3,29.98,78.69,公寓(5樓含以下無電梯),四層/五層
珠浦西路２８巷２弄６號三樓,2020/12/26,890.0,24.3,36.67,80.31,華廈(10層含以下有電梯),三層/五層
小西門７６之１號,2020/12/23,908.3,22.9,39.68,82.73,華廈(10層含以下有電梯),一層/五層
小西門７６之１號二樓,2020/12/23,730.0,17.5,41.61,78.88,華廈(10層含以下有電梯),二層/五層
小西門７６之１號三樓,2020/12/23,730.0,17.5,41.61,78.88,華廈(10層含以下有電梯),三層/五層
小西門７６之１號四樓,2020/12/23,735.0,17.7,41.61,78.88,華廈(10層含以下有電梯),四層/五層
小西門７６之１號五樓,2020/12/23,775.0,18.6,41.61,78.88,華廈(10層含以下有電梯),五層/五層
小西門７６之２號二樓,2020/12/23,815.0,19.0,42.89,79.72,華廈(10層含以下有電梯),二層/五層
小西門７６之２號三樓,2020/12/23,830.0,19.4,42.89,79.72,華廈(10層含以下有電梯),三層/五層
小西門７６之２號四樓,2020/12/23,775.0,18.1,42.89,79.72,華廈(10層含以下有電梯),四層/五層
小西門７６之２號五樓,2020/12/23,775.0,18.1,42.89,79.72,華廈(10層含以下有電梯),五層/五層
金門城８８之８號三樓,2020/12/20,663.0,19.9,33.33,80.34,華廈(10層含以下有電梯),三層/五層
金門城２０３號二樓,2020/12/15,428.0,20.4,21.0,81.05,華廈(10層含以下有電梯),二層/五層
浴井２６號,2020/11/26,640.0,24.8,25.83,93.43,公寓(5樓含以下無電梯),一層/三層
山前６８號,2020/11/25,500.0,19.9,25.19,77.95,華廈(10層含以下有電梯),一層/三層
慈湖路一段１巷１２號二樓,2020/11/20,500.0,23.5,21.25,51.27,華廈(10層含以下有電梯),二層/三層
民權路２２６巷２弄１２號六樓之７,2020/11/7,1188.0,30.0,47.17,67.49,住宅大樓(11層含以上有電梯),六層/十一層
小西門５之１號二樓,2020/11/4,510.0,19.0,26.87,82.32,公寓(5樓含以下無電梯),二層/三層
中興路１６１巷１７號３樓,2020/11/3,730.0,25.0,29.24,79.37,公寓(5樓含以下無電梯),三層/五層
民生路２５號９樓之８,2020/11/3,650.0,22.8,28.48,71.61,住宅大樓(11層含以上有電梯),九層/十二層
珠浦西路５０巷１１弄１０號三樓之２,2020/11/2,280.0,22.2,12.63,64.65,公寓(5樓含以下無電梯),三層/四層
大古崗１２７號二樓,2020/10/28,540.0,18.6,29.1,80.05,華廈(10層含以下有電梯),二層/五層
金門城２０５號二樓,2020/10/26,550.0,19.7,27.98,76.39,華廈(10層含以下有電梯),二層/五層
大學路５３巷６弄１號三樓之１,2020/10/14,250.0,25.9,9.65,77.81,公寓(5樓含以下無電梯),三層/三層
金門城８８之８號五樓,2020/10/11,681.0,20.4,33.33,80.34,華廈(10層含以下有電梯),五層/五層
民權路２２６巷２弄１２號九樓之１,2020/9/29,1750.0,31.8,70.56,66.85,住宅大樓(11層含以上有電梯),九層/十一層
民權路２２６巷２弄１２號九樓之５,2020/9/22,1700.0,32.8,59.63,66.85,住宅大樓(11層含以上有電梯),九層/十一層
大古崗１２８號二樓,2020/9/21,501.0,17.2,29.06,79.65,華廈(10層含以下有電梯),二層/五層
大古崗１２８號五樓,2020/9/19,560.0,19.3,29.06,79.65,華廈(10層含以下有電梯),五層/五層
小西門５０之６號,2020/9/17,610.0,14.6,41.83,90.86,公寓(5樓含以下無電梯),"一層,地下一層/三層"
金門城８９之６號,2020/9/15,410.0,23.4,17.53,86.52,公寓(5樓含以下無電梯),一層/三層
大古崗１２７號,2020/9/14,530.0,19.1,27.82,83.74,華廈(10層含以下有電梯),一層/五層
珠浦西路６巷６弄６號５樓,2020/9/14,420.0,19.3,21.71,76.09,公寓(5樓含以下無電梯),五層/五層
山前３１號,2020/9/7,150.0,12.7,11.82,100.00,公寓(5樓含以下無電梯),"一層,二層,三層/三層"
小古崗１９之９號三樓,2020/8/31,550.0,19.9,27.62,86.83,公寓(5樓含以下無電梯),三層/三層
大古崗１２７號五樓,2020/8/26,510.0,17.5,29.1,80.05,華廈(10層含以下有電梯),五層/五層
西海路三段１０６巷１７弄１０號,2020/8/25,480.0,13.8,34.89,65.17,公寓(5樓含以下無電梯),一層/三層
西海路三段１０６巷１７弄１０號二樓,2020/8/25,460.0,12.0,38.28,58.68,公寓(5樓含以下無電梯),二層/三層
民權路１８４巷３弄２號二樓,2020/8/24,848.0,25.2,33.71,81.43,華廈(10層含以下有電梯),二層/五層
民權路２２６巷４弄７號六樓,2020/8/20,920.0,26.7,34.52,73.57,華廈(10層含以下有電梯),六層/七層
金門城８８之９號,2020/8/14,430.0,18.3,23.51,80.53,華廈(10層含以下有電梯),一層/五層
金門城８８之１０號,2020/8/14,437.0,18.6,23.43,87.32,華廈(10層含以下有電梯),一層/五層
金門城８８之９號二樓,2020/8/13,430.0,18.2,23.56,80.58,華廈(10層含以下有電梯),二層/五層
民生路２５號９樓之７,2020/8/13,787.0,24.9,31.66,72.21,住宅大樓(11層含以上有電梯),九層/十二層
民權路１８４巷６弄２號５樓,2020/8/12,1120.0,25.0,44.72,74.45,華廈(10層含以下有電梯),"五層,見其他登記事項/五層"
金門城８９之６號三樓,2020/8/1,413.0,21.8,18.91,80.20,公寓(5樓含以下無電梯),三層/三層
小西門５０之２號三樓,2020/7/29,535.0,17.4,30.69,81.43,公寓(5樓含以下無電梯),三層/三層
浴井５５號二樓,2020/7/20,610.0,19.0,32.15,73.92,華廈(10層含以下有電梯),二層/四層
民權路２２６巷２弄１２號八樓之１,2020/7/15,1660.0,32.0,59.63,66.86,住宅大樓(11層含以上有電梯),八層/十一層
金門城８８之９號四樓,2020/7/13,465.0,19.7,23.56,80.58,華廈(10層含以下有電梯),四層/五層
庵前２９之７號二樓之１,2020/7/2,420.0,21.5,19.58,88.55,公寓(5樓含以下無電梯),二層/三層
民權路２００號四樓,2020/6/28,720.0,24.2,29.78,63.67,華廈(10層含以下有電梯),四層/七層
民權路２２６巷２弄１２號四樓之６,2020/6/19,746.0,28.6,26.05,70.74,住宅大樓(11層含以上有電梯),四層/十一層
民權路２２６巷２弄１２號四樓之５,2020/6/18,1220.0,17.3,75.75,69.36,住宅大樓(11層含以上有電梯),四層/十一層
浴井５１號四樓,2020/6/8,610.0,20.1,30.27,79.96,華廈(10層含以下有電梯),四層/五層
民權路２２６巷２弄１２號七樓之３,2020/6/3,1355.0,32.4,49.69,68.44,住宅大樓(11層含以上有電梯),七層/十一層
民權路２２６巷２弄１２號七樓之７,2020/6/3,1147.0,32.0,35.83,68.30,住宅大樓(11層含以上有電梯),七層/十一層
金門城２０５號,2020/5/30,500.0,17.9,27.98,76.41,華廈(10層含以下有電梯),一層/五層
民權路２０２號四樓,2020/5/26,750.0,25.2,29.72,63.79,華廈(10層含以下有電梯),四層/七層
民權路２２６巷２弄１２號八樓之２,2020/5/26,1680.0,32.4,58.17,67.24,住宅大樓(11層含以上有電梯),八層/十一層
金門城５之９號,2020/5/23,380.0,20.9,18.2,85.54,公寓(5樓含以下無電梯),一層/三層
民權路２２６巷２弄１２號五樓之２,2020/5/22,810.0,31.1,26.05,70.74,住宅大樓(11層含以上有電梯),五層/十一層
民權路２２６巷２弄１２號七樓之５,2020/5/21,1355.0,32.4,49.69,68.44,住宅大樓(11層含以上有電梯),七層/十一層
小古崗１９之９號,2020/5/19,570.0,21.8,26.09,91.93,公寓(5樓含以下無電梯),一層/三層
民權路２２６巷２弄１２號四樓之３,2020/5/18,1210.0,28.6,49.69,68.44,住宅大樓(11層含以上有電梯),四層/十一層
浴井５５號三樓,2020/5/17,615.0,19.1,32.15,73.92,華廈(10層含以下有電梯),三層/四層
民權路２２６巷２弄１２號九樓之２,2020/5/12,1670.0,32.4,59.4,67.21,住宅大樓(11層含以上有電梯),九層/十一層
珠浦西路２８巷４弄１之１號３樓,2020/5/10,800.0,30.4,26.28,75.35,公寓(5樓含以下無電梯),三層/五層
東沙１３之１號二樓,2020/5/5,480.0,17.0,28.31,86.74,公寓(5樓含以下無電梯),二層/三層
金門城１０６之８號,2020/4/28,510.0,18.2,28.04,87.02,公寓(5樓含以下無電梯),一層/三層
民權路２２６巷２弄１２號五樓之３,2020/4/16,1210.0,31.2,38.77,68.44,住宅大樓(11層含以上有電梯),五層/十一層
民權路２２６巷２弄１２號五樓之５,2020/4/16,1210.0,31.2,38.77,68.44,套房(1房(1廳)1衛),五層/十一層
民權路２２６巷２弄１２號五樓之６,2020/4/16,810.0,31.1,26.05,70.74,住宅大樓(11層含以上有電梯),五層/十一層
庵前４２之２號二樓,2020/4/7,650.0,18.1,35.81,74.96,華廈(10層含以下有電梯),二層/五層
中興路２０５巷１８號六樓,2020/4/6,405.0,24.4,16.59,79.19,華廈(10層含以下有電梯),六層/七層
金門城６８之７號,2020/4/2,444.0,19.2,23.12,92.01,公寓(5樓含以下無電梯),一層/三層
大古崗１２６號三樓,2020/4/1,600.0,19.9,30.17,68.91,華廈(10層含以下有電梯),三層/五層
庵前４２之２號三樓,2020/3/26,688.0,19.2,35.81,74.96,華廈(10層含以下有電梯),三層/五層
環島北路一段３８巷１弄７號,2020/3/17,1038.0,56.5,18.38,80.67,公寓(5樓含以下無電梯),一層/三層
環島北路一段３８巷１弄９號,2020/3/17,1000.0,56.6,17.68,79.91,公寓(5樓含以下無電梯),一層/三層
浴井５５號,2020/3/9,620.0,19.3,32.15,73.92,華廈(10層含以下有電梯),一層/四層
賢聚４０之３號,2020/3/5,400.0,17.2,23.27,85.71,公寓(5樓含以下無電梯),一層/三層
賢聚４２之６號,2020/3/3,600.0,20.2,29.65,79.99,華廈(10層含以下有電梯),一層/四層
浯江路１８號３樓,2020/3/1,530.0,20.3,26.17,86.42,公寓(5樓含以下無電梯),三層/三層
小西門４７號二樓,2020/2/23,450.0,16.2,27.85,90.78,公寓(5樓含以下無電梯),二層/三層
金門城２０５號三樓,2020/2/18,530.0,18.9,27.98,76.39,華廈(10層含以下有電梯),三層/五層
金門城２０３號三樓,2020/2/18,400.0,19.0,21.0,81.05,華廈(10層含以下有電梯),三層/五層
大古崗９６之２號三樓,2020/2/11,500.0,18.5,27.08,76.20,華廈(10層含以下有電梯),三層/五層
珠浦南路７４巷１０之２號三樓,2020/2/5,650.0,22.8,28.53,82.29,公寓(5樓含以下無電梯),三層/四層
小西門５０之５號三樓,2020/2/4,560.0,18.2,30.69,81.43,公寓(5樓含以下無電梯),三層/三層
浴井５１號二樓,2020/2/3,600.0,19.8,30.27,79.96,華廈(10層含以下有電梯),二層/五層
浴井５２號四樓,2020/2/3,640.0,21.5,29.81,80.62,華廈(10層含以下有電梯),四層/五層
浴井５２號三樓,2020/2/3,600.0,20.1,29.81,80.62,華廈(10層含以下有電梯),三層/五層
浴井５１號三樓,2020/2/3,640.0,21.1,30.27,79.96,華廈(10層含以下有電梯),三層/五層
浴井５２號二樓,2020/2/3,640.0,21.5,29.81,80.62,華廈(10層含以下有電梯),二層/五層
金門城２０５號五樓,2020/1/21,550.0,19.7,27.98,76.39,華廈(10層含以下有電梯),五層/五層
浴井８３號二樓,2020/1/18,560.0,21.3,26.28,82.36,公寓(5樓含以下無電梯),二層/三層
小西門５０之６號三樓,2020/1/17,510.0,19.3,26.44,79.05,公寓(5樓含以下無電梯),三層/三層
金門城８２之８號三樓,2020/1/16,475.0,15.6,30.42,85.25,公寓(5樓含以下無電梯),三層/三層
浴井８３號三樓,2020/1/16,580.0,22.1,26.28,82.36,公寓(5樓含以下無電梯),三層/三層
浴井８５號三樓,2020/1/10,540.0,23.6,22.9,81.04,公寓(5樓含以下無電梯),三層/三層
民權路２２６巷２弄１２號三樓之５,2019/12/25,1228.0,31.7,38.77,68.44,住宅大樓(11層含以上有電梯),三層/十一層
西海路三段１０６巷７弄１號二樓之１,2019/12/24,660.0,21.6,30.58,79.45,公寓(5樓含以下無電梯),二層/三層
大古崗１２６號,2019/12/21,525.0,18.1,29.0,71.70,華廈(10層含以下有電梯),一層/五層
金門城５之１１號,2019/12/20,400.0,20.4,19.58,,公寓(5樓含以下無電梯),一層/三層
珠浦西路２２號５樓,2019/12/12,620.0,25.1,24.68,78.17,公寓(5樓含以下無電梯),五層/五層
環島北路一段３８巷１６弄２號３樓,2019/11/24,580.0,18.3,31.72,89.24,公寓(5樓含以下無電梯),三層/三層
小西門５０之３號三樓,2019/11/19,500.0,18.9,26.44,79.05,公寓(5樓含以下無電梯),三層/三層
小西門４６號二樓,2019/11/10,450.0,16.3,27.57,93.78,公寓(5樓含以下無電梯),二層/三層
庵前４３之５號二樓,2019/11/8,310.0,21.5,14.44,86.01,公寓(5樓含以下無電梯),二層/三層
山前６５號三樓,2019/11/6,500.0,20.0,25.01,75.86,公寓(5樓含以下無電梯),三層/三層
金門城２０６號二樓,2019/10/29,530.0,18.7,28.32,75.00,華廈(10層含以下有電梯),二層/五層
金門城２０６號五樓,2019/10/24,493.0,17.4,28.32,75.00,華廈(10層含以下有電梯),五層/五層
浴井８５號二樓,2019/10/21,510.0,22.3,22.92,80.96,公寓(5樓含以下無電梯),二層/三層
金門城３３號３樓,2019/10/15,500.0,17.6,28.38,84.56,公寓(5樓含以下無電梯),三層/三層
庵前４２之２號四樓,2019/10/15,660.0,18.4,35.81,74.96,華廈(10層含以下有電梯),四層/五層
大古崗９６之１號五樓,2019/10/8,601.0,17.5,34.36,79.30,華廈(10層含以下有電梯),五層/五層
大古崗９６之２號五樓,2019/10/3,550.0,20.3,27.08,76.20,華廈(10層含以下有電梯),五層/五層
大古崗９６之３號三樓,2019/10/3,590.0,16.7,35.31,75.02,華廈(10層含以下有電梯),三層/五層
大古崗９６之２號四樓,2019/10/3,460.0,17.0,27.08,76.20,華廈(10層含以下有電梯),四層/五層
大古崗９６之１號二樓,2019/10/3,687.0,20.0,34.36,79.30,華廈(10層含以下有電梯),二層/五層
大古崗９６之３號,2019/10/3,656.0,19.1,34.37,80.24,華廈(10層含以下有電梯),一層/五層
大古崗９６之３號二樓,2019/10/3,620.0,17.6,35.31,75.02,華廈(10層含以下有電梯),二層/五層
大古崗９６之３號四樓,2019/10/3,620.0,17.6,35.31,75.02,華廈(10層含以下有電梯),四層/五層
大古崗９６之２號三樓,2019/10/3,500.0,18.5,27.08,76.20,華廈(10層含以下有電梯),三層/五層
大古崗９６之１號四樓,2019/10/3,580.0,16.9,34.36,79.30,華廈(10層含以下有電梯),四層/五層
大古崗９６之２號二樓,2019/10/3,500.0,18.5,27.08,76.20,華廈(10層含以下有電梯),二層/五層
大古崗９６之２號,2019/10/3,500.0,19.1,26.14,80.31,華廈(10層含以下有電梯),一層/五層
大古崗９６之３號五樓,2019/9/26,548.0,15.5,35.31,75.02,華廈(10層含以下有電梯),五層/五層
民生路４５巷３號四樓,2019/9/24,660.0,25.3,26.14,85.97,公寓(5樓含以下無電梯),四層/四層
小西門４７號,2019/9/21,500.0,17.9,27.89,90.79,公寓(5樓含以下無電梯),一層/三層
小古崗３３之８號二樓,2019/9/20,480.0,17.2,27.93,76.84,公寓(5樓含以下無電梯),二層/三層
小西門５之１號三樓,2019/9/17,370.0,13.8,26.87,82.32,公寓(5樓含以下無電梯),三層/三層
浴井３６號,2019/9/16,455.0,20.7,21.94,87.12,公寓(5樓含以下無電梯),一層/三層
小古崗３３之７號三樓,2019/9/11,506.0,19.5,25.93,83.15,公寓(5樓含以下無電梯),三層/三層
小古崗３３之６號三樓,2019/9/11,506.0,19.4,26.12,83.28,公寓(5樓含以下無電梯),三層/三層
金門城２０３號四樓,2019/8/30,390.0,18.6,21.0,81.05,華廈(10層含以下有電梯),四層/五層
金門城２０３號五樓,2019/8/30,357.0,17.0,21.0,81.05,華廈(10層含以下有電梯),五層/五層
金門城２０６號四樓,2019/8/30,560.0,19.8,28.32,75.00,華廈(10層含以下有電梯),四層/五層
金門城２０３號,2019/8/30,450.0,21.4,21.0,81.05,華廈(10層含以下有電梯),一層/五層
金門城３３之３號三樓,2019/8/7,490.0,17.3,28.38,84.56,公寓(5樓含以下無電梯),三層/三層
環島北路一段３８巷１６弄５號,2019/7/28,660.0,20.9,31.64,89.46,公寓(5樓含以下無電梯),一層/三層
賢聚４２之８號三樓,2019/7/23,670.0,19.7,34.06,85.84,公寓(5樓含以下無電梯),三層/三層
小古崗１９之９號,2019/7/10,580.0,22.2,26.09,91.93,公寓(5樓含以下無電梯),一層/三層
賢安里浴井３２號,2019/7/8,450.0,20.9,21.58,93.27,公寓(5樓含以下無電梯),一層/三層
民權路２２６巷５弄２２號５樓,2019/7/4,910.0,29.0,31.43,78.69,華廈(10層含以下有電梯),五層/五層
賢聚４２之５號二樓,2019/7/3,650.0,20.9,31.09,76.29,華廈(10層含以下有電梯),二層/四層
金門城２０６號三樓,2019/7/3,541.0,19.1,28.32,75.00,華廈(10層含以下有電梯),三層/五層
小古崗３３之７號二樓,2019/6/30,460.0,17.7,25.93,83.15,公寓(5樓含以下無電梯),二層/三層
小古崗３３之７號,2019/6/28,510.0,19.7,25.93,83.15,公寓(5樓含以下無電梯),一層/三層
浴井３１號三樓,2019/6/24,460.0,19.8,23.25,84.91,公寓(5樓含以下無電梯),三層/三層
民權路１２２巷５弄８之２號二樓,2019/6/17,282.0,24.8,11.35,55.97,華廈(10層含以下有電梯),二層/五層
民權路１２２巷５弄８之２號三樓,2019/6/17,282.0,24.8,11.35,55.97,華廈(10層含以下有電梯),三層/五層
民權路１２２巷５弄８之２號四樓,2019/6/17,282.0,24.8,11.35,55.97,華廈(10層含以下有電梯),四層/五層
古城里金門城３３之３號２樓,2019/6/17,450.0,15.9,28.38,84.56,公寓(5樓含以下無電梯),二層/三層
山前６５號二樓,2019/6/15,500.0,20.0,25.01,75.86,公寓(5樓含以下無電梯),二層/三層
民生路２５號六樓之７,2019/6/13,700.0,27.5,25.42,,辦公商業大樓,六層/十二層
金門城８８之１０號二樓,2019/6/6,490.0,18.6,26.41,77.50,華廈(10層含以下有電梯),二層/五層
金門城８８之９號三樓,2019/5/25,449.0,19.1,23.56,80.58,華廈(10層含以下有電梯),三層/五層
珠浦西路６巷６弄３號二樓,2019/5/24,680.0,28.5,23.82,82.24,公寓(5樓含以下無電梯),二層/五層
東沙１３之１號三樓,2019/5/15,400.0,14.1,28.31,86.74,公寓(5樓含以下無電梯),三層/三層
浴井３１號,2019/5/8,470.0,20.2,23.25,84.91,公寓(5樓含以下無電梯),一層/三層
珠浦南路７４巷２９之１號二樓,2019/4/19,478.0,24.2,19.77,75.23,華廈(10層含以下有電梯),二層/五層
浯江北堤路１６號７樓之３,2019/4/15,660.0,22.2,29.68,62.38,華廈(10層含以下有電梯),七層/七層
小西門４０號,2019/4/12,412.0,22.4,18.41,83.53,公寓(5樓含以下無電梯),一層/三層
珠浦南路５０巷３弄７號四樓,2019/3/27,360.0,22.2,16.2,63.14,華廈(10層含以下有電梯),四層/五層
西海路三段１０６巷１３弄５號３樓,2019/3/27,660.0,20.5,32.25,74.27,華廈(10層含以下有電梯),三層/五層
珠浦南路４４巷１２弄９號二樓之２,2019/3/26,350.0,39.8,8.79,65.91,華廈(10層含以下有電梯),二層/四層
浴井７９號二樓,2019/3/19,730.0,19.4,37.67,87.95,公寓(5樓含以下無電梯),二層/三層
金門城１１６之３號,2019/3/15,500.0,15.9,31.51,87.95,公寓(5樓含以下無電梯),一層/三層
珠浦西路５０巷１１弄１０號二樓之２,2019/3/15,262.0,21.1,12.41,65.77,公寓(5樓含以下無電梯),二層/四層
金門城８８之８號二樓,2019/3/15,630.0,18.9,33.33,80.34,華廈(10層含以下有電梯),二層/五層
小西門５０之６號二樓,2019/3/14,436.0,16.5,26.44,76.73,公寓(5樓含以下無電梯),二層/三層
西海路三段１０６巷１３弄２號３樓,2019/3/14,690.0,20.4,33.78,75.90,華廈(10層含以下有電梯),三層/五層
西海路三段１０６巷１３弄３號３樓,2019/3/14,685.0,20.8,32.94,76.40,華廈(10層含以下有電梯),三層/五層
西海路三段１０６巷１３弄１號３樓,2019/3/14,690.0,20.3,34.01,76.07,華廈(10層含以下有電梯),三層/五層
西海路三段１０６巷１３弄１號４樓,2019/3/14,700.0,20.6,34.01,76.07,華廈(10層含以下有電梯),四層/五層
西海路三段１０６巷１３弄２號４樓,2019/3/14,692.5,20.5,33.78,75.90,華廈(10層含以下有電梯),四層/五層
西海路三段１０６巷１３弄５號４樓,2019/3/14,672.5,20.9,32.25,74.27,華廈(10層含以下有電梯),四層/五層
珠浦南路５０巷３弄６號四樓,2019/3/12,362.0,21.4,16.94,63.52,華廈(10層含以下有電梯),四層/五層
金門城１６９之９號二樓,2019/3/8,575.0,17.2,33.34,87.41,公寓(5樓含以下無電梯),二層/三層
西海路三段１０６巷１３弄３號４樓,2019/3/7,680.0,20.6,32.94,76.40,華廈(10層含以下有電梯),四層/五層
小西門５０之３號二樓,2019/2/25,439.4,16.6,26.44,76.73,公寓(5樓含以下無電梯),二層/三層
小西門５０之５號二樓,2019/2/25,510.0,16.6,30.69,80.00,公寓(5樓含以下無電梯),二層/三層
西海路三段１０６巷１３弄５號五樓,2019/2/22,690.0,21.4,32.25,74.27,華廈(10層含以下有電梯),五層/五層
西海路三段１０６巷１３弄３號五樓,2019/2/22,690.0,20.9,32.94,76.40,華廈(10層含以下有電梯),五層/五層
光前路７６巷１號四樓,2019/2/21,750.0,23.5,31.91,60.69,華廈(10層含以下有電梯),四層/七層
小古崗３３之６號,2019/2/20,518.0,19.8,26.12,83.28,公寓(5樓含以下無電梯),一層/三層
小西門５０之２號二樓,2019/2/18,510.0,16.6,30.69,80.00,公寓(5樓含以下無電梯),二層/三層
民權路２２６巷２弄１２號十樓之２,2019/1/25,1842.0,38.0,48.48,67.21,住宅大樓(11層含以上有電梯),十層/十一層
小古崗３３之６號二樓,2019/1/22,470.0,18.0,26.12,83.28,公寓(5樓含以下無電梯),二層/三層
民權路１２２巷５弄８之２號二樓,2019/1/5,282.0,24.8,11.35,55.97,華廈(10層含以下有電梯),二層/五層
民權路１２２巷５弄８之２號三樓,2019/1/5,282.0,24.8,11.35,55.97,華廈(10層含以下有電梯),三層/五層
民權路１２２巷５弄８之２號四樓,2019/1/5,282.0,24.8,11.35,55.97,華廈(10層含以下有電梯),四層/五層
東沙１３之１號,2018/12/31,500.0,17.7,28.31,86.74,公寓(5樓含以下無電梯),一層/三層
金門城７３之３號３樓之１,2018/12/22,400.0,20.4,19.65,83.65,公寓(5樓含以下無電梯),三層/三層
賢聚４２之５號三樓,2018/12/13,660.0,21.2,31.09,76.29,華廈(10層含以下有電梯),三層/四層
西海路三段７２巷３弄１６號,2018/11/19,325.0,14.1,23.02,96.93,公寓(5樓含以下無電梯),一層/二層
西海路三段３９巷２弄１６號３樓,2018/11/4,430.0,14.5,29.69,91.09,公寓(5樓含以下無電梯),三層/三層
賢聚４０之５號二樓,2018/10/26,526.0,22.6,23.27,85.71,公寓(5樓含以下無電梯),二層/三層
金門城８８之１０號五樓,2018/10/24,532.0,20.1,26.41,77.50,華廈(10層含以下有電梯),五層/五層
浴井８６號,2018/10/23,660.0,23.9,27.59,88.45,公寓(5樓含以下無電梯),一層/三層
金門城１０６之９號二樓,2018/10/1,488.0,19.4,25.2,73.11,公寓(5樓含以下無電梯),二層/五層
小西門３９號三樓,2018/9/26,380.0,19.6,19.36,76.02,公寓(5樓含以下無電梯),三層/三層
小西門３９號,2018/9/26,412.0,22.7,18.16,81.06,公寓(5樓含以下無電梯),一層/三層
小西門４０號三樓,2018/9/26,375.0,18.6,20.14,76.33,公寓(5樓含以下無電梯),三層/三層
小西門４０號二樓,2018/9/26,370.0,18.4,20.14,76.33,公寓(5樓含以下無電梯),二層/三層
小西門３９號二樓,2018/9/26,365.0,18.9,19.36,76.02,公寓(5樓含以下無電梯),二層/三層
浴井３５號,2018/9/22,470.0,20.3,23.11,92.63,公寓(5樓含以下無電梯),一層/三層
珠浦南路７４巷２７號５樓,2018/9/21,750.0,29.1,25.74,76.82,華廈(10層含以下有電梯),五層/五層
金門城８８之１０號三樓,2018/9/20,515.0,19.5,26.41,77.50,華廈(10層含以下有電梯),三層/五層
浴井３３號,2018/9/16,516.0,22.8,22.64,88.79,公寓(5樓含以下無電梯),一層/三層
西海路三段３９巷２弄１７號１樓,2018/9/15,510.0,17.2,29.69,91.09,公寓(5樓含以下無電梯),一層/三層
小西門１之１１號二樓,2018/9/13,425.0,15.9,26.74,79.05,公寓(5樓含以下無電梯),二層/三層
西海路三段２２巷２３弄４號２樓,2018/9/13,380.0,13.6,28.01,93.01,公寓(5樓含以下無電梯),二層/三層
金門城１０６之９號三樓,2018/9/10,460.0,18.3,25.2,73.11,公寓(5樓含以下無電梯),三層/五層
民權路２２６巷２弄１２號九樓之３,2018/9/10,1750.0,32.0,70.32,67.20,住宅大樓(11層含以上有電梯),九層/十一層
珠浦南路４４巷１２弄９號三樓之２,2018/9/5,350.0,39.8,8.79,65.91,華廈(10層含以下有電梯),三層/四層
民族路３２之１號,2018/9/3,1150.0,25.1,45.88,77.09,公寓(5樓含以下無電梯),一層/五層
金門城１５９之９號,2018/8/22,190.0,23.1,8.22,86.83,公寓(5樓含以下無電梯),一層/三層
浴井７９號,2018/8/20,770.0,22.0,34.98,94.72,公寓(5樓含以下無電梯),一層/三層
浴井７８號二樓,2018/7/28,780.0,20.7,37.67,87.95,公寓(5樓含以下無電梯),二層/三層
民權路２２６巷２弄１２號十樓之５,2018/7/20,1850.0,38.0,48.71,66.85,住宅大樓(11層含以上有電梯),十層/十一層
民權路２２６巷２弄１２號十樓之３,2018/7/20,1842.0,38.0,48.48,67.21,住宅大樓(11層含以上有電梯),十層/十一層
民權路２２６巷２弄１２號八樓之３,2018/7/19,1730.0,33.4,59.66,67.24,住宅大樓(11層含以上有電梯),八層/十一層
賢聚４２之６號二樓,2018/7/10,610.0,19.6,31.09,76.29,華廈(10層含以下有電梯),二層/四層
金門城１０６之１０號四樓,2018/7/10,480.0,19.1,25.2,73.11,公寓(5樓含以下無電梯),四層/五層
賢聚４０之５號三樓,2018/7/10,450.0,19.3,23.27,85.71,公寓(5樓含以下無電梯),三層/三層
民權路２２６巷４弄１５號３樓,2018/7/2,800.0,26.9,29.76,80.42,公寓(5樓含以下無電梯),三層/五層
珠浦南路４４巷１２弄９號三樓之１,2018/6/25,600.0,26.4,22.76,64.54,華廈(10層含以下有電梯),三層/四層
民權路２２６巷４弄１５號４樓,2018/6/22,800.0,26.9,29.76,80.42,公寓(5樓含以下無電梯),四層/五層
珠浦南路４４巷１２弄９號四樓之１,2018/6/4,900.0,33.2,27.15,65.44,華廈(10層含以下有電梯),"四層,見其他登記事項/四層"
珠浦南路４４巷１２弄９號四樓之２,2018/6/4,520.0,46.8,11.1,68.53,華廈(10層含以下有電梯),"四層,見其他登記事項/四層"
賢聚４２之７號,2018/5/16,750.0,22.0,34.06,85.84,公寓(5樓含以下無電梯),一層/三層
賢聚４０之３號三樓,2018/5/16,470.0,20.2,23.27,85.71,公寓(5樓含以下無電梯),三層/三層
賢聚４０之３號二樓,2018/5/16,450.0,19.3,23.27,85.71,公寓(5樓含以下無電梯),二層/三層
賢聚４０之５號,2018/5/16,470.0,20.2,23.27,85.71,公寓(5樓含以下無電梯),一層/三層
賢聚４２之７號二樓,2018/5/16,670.0,19.7,34.06,85.84,公寓(5樓含以下無電梯),二層/三層
賢聚４２之７號三樓,2018/5/16,700.0,20.5,34.06,85.84,公寓(5樓含以下無電梯),三層/三層
賢聚４２之８號二樓,2018/5/16,646.5,19.0,34.06,85.84,公寓(5樓含以下無電梯),二層/三層
賢聚４２之６號三樓,2018/5/16,626.0,20.1,31.09,76.29,華廈(10層含以下有電梯),三層/四層
賢聚４２之５號,2018/5/16,626.0,21.1,29.65,79.99,華廈(10層含以下有電梯),一層/四層
賢聚４２之５號四樓,2018/5/16,670.0,21.5,31.09,76.29,華廈(10層含以下有電梯),四層/四層
賢聚４２之８號,2018/5/16,738.0,21.7,34.06,85.84,公寓(5樓含以下無電梯),一層/三層
珠浦南路４４巷１２弄９號二樓之１,2018/5/11,600.0,26.4,22.76,64.54,華廈(10層含以下有電梯),二層/四層
珠浦西路２２號４樓之１,2018/5/4,400.0,25.6,15.62,79.80,套房(1房(1廳)1衛),四層/五層
珠浦西路５０巷７弄３號二樓,2018/5/2,538.0,22.7,23.68,83.75,公寓(5樓含以下無電梯),二層/四層
後豐港３６之５號,2018/4/24,550.0,19.1,28.78,84.10,公寓(5樓含以下無電梯),一層/三層
小西門１之１１號二樓,2018/4/18,425.0,15.9,26.74,79.05,公寓(5樓含以下無電梯),二層/三層
小西門１之１１號三樓,2018/4/18,425.0,15.9,26.74,79.05,公寓(5樓含以下無電梯),三層/三層
小西門１之１１號,2018/4/18,500.0,18.7,26.74,79.05,公寓(5樓含以下無電梯),一層/三層
金門城１０６之９號五樓,2018/4/12,520.0,20.6,25.2,73.11,華廈(10層含以下有電梯),五層/五層
金門城１０６之１０號五樓,2018/4/12,520.0,20.6,25.2,73.11,華廈(10層含以下有電梯),五層/五層
金門城１０６之９號,2018/4/12,530.0,22.8,23.27,79.16,華廈(10層含以下有電梯),一層/五層
前水頭１３９之３號１樓之６,2018/4/9,3350.0,16.7,200.77,61.13,華廈(10層含以下有電梯),一層/三層
中興路６７巷５之１號三樓,2018/4/2,800.0,28.1,28.52,86.43,公寓(5樓含以下無電梯),三層/三層
金門城１０６之９號四樓,2018/3/31,480.0,19.1,25.2,73.11,華廈(10層含以下有電梯),四層/五層
珠浦南路７４巷２１號３樓,2018/3/7,725.0,23.8,30.43,60.66,公寓(5樓含以下無電梯),三層/四層
珠浦南路７４巷２７號,2018/2/13,460.0,44.1,10.43,82.05,華廈(10層含以下有電梯),一層/五層
小西門４６號２樓,2018/2/6,420.0,15.2,27.57,93.78,公寓(5樓含以下無電梯),二層/三層
小西門４７號２樓,2018/2/6,420.0,15.1,27.85,90.78,公寓(5樓含以下無電梯),二層/三層
慈湖路一段１巷３號二樓,2018/1/17,470.0,23.9,19.7,52.62,套房(1房(1廳)1衛),二層/三層
慈湖路一段１巷５號二樓,2018/1/17,500.0,23.8,21.04,50.90,套房(1房(1廳)1衛),二層/三層
珠浦南路７４巷３７號四樓,2018/1/11,720.0,22.2,32.42,77.81,公寓(5樓含以下無電梯),四層/五層
民權路２２６巷２弄１２號八樓之５,2018/12/15,1824.0,34.8,59.63,66.86,住宅大樓(11層含以上有電梯),八層/十一層
民生路２５號五樓之７,2018/11/27,262.0,20.9,12.52,79.10,套房(1房(1廳)1衛),五層/十二層
民權路２２６巷２弄１５號六樓,2018/11/25,1070.0,26.8,39.88,64.58,華廈(10層含以下有電梯),六層/十層
民權路２２６巷２弄１３號六樓,2017/11/24,1058.0,26.5,39.88,64.58,華廈(10層含以下有電梯),六層/十層
中興路２０５巷１７號四樓,2017/11/22,680.0,25.8,26.4,82.01,公寓(5樓含以下無電梯),四層/四層
小古崗１９之１０號２樓,2017/11/20,430.0,13.7,31.44,85.16,公寓(5樓含以下無電梯),二層/三層
民權路２２６巷２弄１３號,2017/11/6,2000.0,52.6,38.03,67.72,華廈(10層含以下有電梯),一層/十層
民權路２２６巷２弄１５號,2017/11/6,2000.0,52.6,38.03,67.72,華廈(10層含以下有電梯),一層/十層
民權路２２６巷２弄１２號三樓之２,2017/10/30,838.0,32.2,26.05,70.75,住宅大樓(11層含以上有電梯),三層/十一層
小古崗１９之１０號,2017/10/30,445.0,15.3,29.15,91.85,公寓(5樓含以下無電梯),一層/三層
小古崗１９之１０號３樓,2017/10/30,450.0,14.3,31.44,85.16,公寓(5樓含以下無電梯),三層/三層
珠浦北路４６之２號五樓,2017/10/27,1180.0,24.1,48.93,52.46,華廈(10層含以下有電梯),五層/七層
珠浦北路４６之２號三樓,2017/10/25,1200.0,24.5,48.93,52.46,華廈(10層含以下有電梯),三層/七層
珠浦北路４６之２號四樓,2017/10/18,1180.0,24.1,48.93,52.46,華廈(10層含以下有電梯),四層/七層
珠浦北路４６之２號六樓,2017/10/18,1180.0,24.1,48.93,52.46,華廈(10層含以下有電梯),六層/七層
中興路２０５巷１７號四樓,2017/10/11,800.0,30.3,26.4,82.01,公寓(5樓含以下無電梯),四層/四層
光前路７６巷１號四樓,2017/10/3,750.0,23.5,31.91,60.69,華廈(10層含以下有電梯),四層/七層
珠浦西路９６巷１５號３樓,2017/9/27,755.0,24.7,30.62,83.99,公寓(5樓含以下無電梯),三層/四層
西海路三段１０６巷７弄５號二樓之１,2017/9/13,630.0,20.6,30.58,79.45,公寓(5樓含以下無電梯),二層/三層
珠浦西路９６巷１５號２樓,2017/9/12,780.0,24.9,31.33,84.08,公寓(5樓含以下無電梯),二層/四層
民權路２２６巷２弄１２號六樓之５,2017/8/30,1249.0,32.2,38.77,68.44,住宅大樓(11層含以上有電梯),六層/十一層
民權路２２６巷２弄１２號六樓之３,2017/8/30,1249.0,32.2,38.77,68.44,住宅大樓(11層含以上有電梯),六層/十一層
金水里前水頭１３９之３號１樓之６,2017/8/21,9400.0,15.0,627.93,58.52,華廈(10層含以下有電梯),一層/三層
賢聚４２之６號四樓,2017/7/20,704.0,22.6,31.09,76.29,華廈(10層含以下有電梯),四層/四層
環島北路一段３８巷１弄５號,2017/6/30,550.0,28.2,19.49,81.78,公寓(5樓含以下無電梯),一層/三層
民權路２２６巷２弄１３號四樓,2017/6/27,890.0,22.3,39.88,64.58,華廈(10層含以下有電梯),四層/十層
小西門８之５號三樓,2017/6/22,570.0,17.0,33.51,83.04,公寓(5樓含以下無電梯),三層/三層
珠浦西路９４巷１１之２號４樓,2017/6/22,442.0,24.7,17.91,70.16,公寓(5樓含以下無電梯),四層/四層
小古崗１７之６號２樓,2017/6/16,483.9,14.8,32.66,82.85,公寓(5樓含以下無電梯),二層/三層
西海路三段１０６巷１７弄１０號,2017/5/16,640.0,18.3,34.89,65.17,公寓(5樓含以下無電梯),一層/三層
西海路三段１０６巷１７弄１０號二樓,2017/5/16,635.0,16.6,38.28,58.68,公寓(5樓含以下無電梯),二層/三層
西海路三段１０６巷７弄３號,2017/5/3,690.0,24.1,28.59,82.67,公寓(5樓含以下無電梯),一層/三層
西海路三段１０６巷１７弄３號,2017/4/26,520.0,14.9,34.89,65.17,公寓(5樓含以下無電梯),一層/三層
西海路三段１０６巷１７弄３號三樓,2017/4/26,600.0,15.7,38.28,58.68,公寓(5樓含以下無電梯),三層/三層
西海路三段１０６巷１７弄５號二樓,2017/4/26,500.0,13.2,38.02,59.13,公寓(5樓含以下無電梯),二層/三層
西海路三段１０６巷１７弄１０號三樓,2017/4/26,530.0,13.8,38.28,58.68,公寓(5樓含以下無電梯),三層/三層
西海路三段１０６巷１７弄９號,2017/4/26,480.0,13.8,34.89,65.17,公寓(5樓含以下無電梯),一層/三層
西海路三段１０６巷１７弄９號二樓,2017/4/26,460.0,12.1,38.02,59.13,公寓(5樓含以下無電梯),二層/三層
西海路三段１０６巷１７弄９號三樓,2017/4/26,460.0,12.2,37.66,59.13,公寓(5樓含以下無電梯),三層/三層
西海路三段１０６巷１７弄７號,2017/4/26,620.0,15.0,41.42,65.62,公寓(5樓含以下無電梯),一層/三層
西海路三段１０６巷１７弄８號三樓,2017/4/26,680.0,15.9,42.85,63.66,公寓(5樓含以下無電梯),三層/三層
西海路三段１０６巷１７弄７號三樓,2017/4/26,495.0,11.6,42.66,63.48,公寓(5樓含以下無電梯),三層/三層
西海路三段１０６巷１７弄７號二樓,2017/4/26,600.0,14.1,42.66,63.48,公寓(5樓含以下無電梯),二層/三層
西海路三段１０６巷１７弄３號二樓,2017/4/26,600.0,15.7,38.28,58.68,公寓(5樓含以下無電梯),二層/三層
西海路三段１０６巷１７弄５號三樓,2017/4/26,495.0,13.1,37.66,59.13,公寓(5樓含以下無電梯),三層/三層
西海路三段１０６巷１７弄６號,2017/4/26,680.0,18.2,37.36,65.79,公寓(5樓含以下無電梯),一層/三層
庵前４３之５號,2017/4/14,340.0,23.7,14.36,86.48,套房(1房(1廳)1衛),一層/三層
後豐港４０-５號,2017/4/10,400.0,23.9,16.76,90.67,公寓(5樓含以下無電梯),一層/三層
後豐港４０-６號２樓,2017/4/10,400.0,22.5,17.74,85.69,公寓(5樓含以下無電梯),二層/三層
後豐港４０之５號二樓,2017/4/10,400.0,22.5,17.74,85.69,公寓(5樓含以下無電梯),二層/三層
後豐港４０之５號三樓,2017/4/6,400.0,22.5,17.74,85.69,公寓(5樓含以下無電梯),三層/三層
後豐港４０之６號三樓,2017/4/6,400.0,22.5,17.74,85.69,公寓(5樓含以下無電梯),三層/三層
古城里金門城３３之３號,2017/1/11,485.0,18.6,26.08,92.04,公寓(5樓含以下無電梯),一層/三層
小西門８之５號,2017/1/4,536.0,17.2,31.2,89.20,公寓(5樓含以下無電梯),一層/三層
珠浦南路５０巷３弄７號三樓,2016/11/26,410.0,25.3,16.2,63.14,華廈(10層含以下有電梯),三層/五層
庵前４２之７號,2016/11/18,380.0,23.0,16.52,81.76,公寓(5樓含以下無電梯),一層/三層
民權路２２６巷２弄１５號二樓,2016/11/16,935.0,23.4,39.92,64.51,華廈(10層含以下有電梯),二層/十層
金門城１０６之８號,2016/11/11,530.0,18.9,28.04,87.02,公寓(5樓含以下無電梯),一層/三層
民權路１２２巷５弄１號４樓,2016/10/27,843.0,24.6,34.24,71.87,公寓(5樓含以下無電梯),四層/四層
金門城１０６之７號二樓,2016/9/12,480.0,16.0,30.07,81.16,公寓(5樓含以下無電梯),二層/三層
西海路三段１０６巷７弄６號,2016/9/1,650.0,21.4,30.41,79.52,公寓(5樓含以下無電梯),一層/三層
小西門８之５號二樓,2016/8/22,570.0,17.0,33.51,83.04,公寓(5樓含以下無電梯),二層/三層
金門城１０６之８號三樓,2016/7/29,550.0,18.3,30.07,81.16,公寓(5樓含以下無電梯),三層/三層
金門城１０６之７號三樓,2016/7/29,550.0,18.3,30.07,81.16,公寓(5樓含以下無電梯),三層/三層
珠浦西路９４巷１１之２號一樓,2016/7/12,780.0,28.6,27.26,83.49,公寓(5樓含以下無電梯),一層/四層
珠浦西路９４巷１１之２號二樓,2016/7/2,738.0,27.1,27.26,83.49,公寓(5樓含以下無電梯),二層/四層
西海路三段１０６巷７弄５號三樓之２,2016/6/24,650.0,21.7,29.97,81.39,公寓(5樓含以下無電梯),三層/三層
庵前４３之２號二樓,2016/5/24,250.0,12.5,19.95,88.05,公寓(5樓含以下無電梯),二層/三層
西海路三段１０６巷７弄５號三樓之１,2016/5/16,650.0,20.3,44.5,79.45,公寓(5樓含以下無電梯),三層/三層
民族路９３巷５弄４１號,2016/4/30,1150.0,15.3,75.37,,店面（店舖),"一層,二層,三層,騎樓/三層"
民族路９３巷５弄４３號,2016/4/30,1150.0,15.0,76.74,,店面（店舖),"一層,二層,三層,騎樓/三層"
民權路２２６巷５弄２２號３樓,2016/4/26,760.0,28.6,26.59,93.00,華廈(10層含以下有電梯),三層/五層
庵前４３之３號三樓,2016/4/25,265.0,19.5,13.59,85.56,套房(1房(1廳)1衛),三層/三層
庵前４３之２號,2016/4/25,365.0,19.3,18.95,92.69,公寓(5樓含以下無電梯),一層/三層
庵前４３之３號,2016/4/25,255.0,20.3,12.54,92.72,套房(1房(1廳)1衛),一層/三層
庵前４３之３號二樓,2016/4/25,265.0,19.5,13.59,85.56,套房(1房(1廳)1衛),二層/三層
西海路三段１０６巷７弄１號三樓之１,2016/4/13,650.0,21.2,30.72,79.09,公寓(5樓含以下無電梯),三層/三層
西海路三段１０６巷７弄５號,2016/4/1,730.0,23.3,43.48,81.21,公寓(5樓含以下無電梯),一層/三層
西海路三段１０６巷７弄３號二樓,2016/3/31,650.0,20.8,31.23,77.12,公寓(5樓含以下無電梯),二層/三層
西海路三段１０６巷７弄１號二樓之１,2016/3/31,650.0,21.2,30.72,79.09,公寓(5樓含以下無電梯),二層/三層
西海路三段１０６巷７弄５號二樓之２,2016/3/31,650.0,21.6,30.1,81.01,公寓(5樓含以下無電梯),二層/三層
西海路三段１０６巷７弄３號三樓,2016/3/31,685.0,20.8,46.29,77.11,公寓(5樓含以下無電梯),三層/三層
珠浦南路５０巷３弄７號二樓,2016/3/28,380.0,23.5,16.2,63.14,華廈(10層含以下有電梯),二層/五層
珠浦南路５０巷３弄６號五樓,2016/3/12,420.0,24.8,16.94,63.52,華廈(10層含以下有電梯),五層/五層
珠浦南路５０巷３弄７號,2016/3/10,430.0,27.4,15.67,65.28,華廈(10層含以下有電梯),一層/五層
民權路２２６巷４弄６號４樓,2016/2/21,970.0,28.1,34.52,73.57,華廈(10層含以下有電梯),四層/七層
民權路７０巷１１弄１８號３樓,2016/2/4,875.0,30.0,29.19,79.55,公寓(5樓含以下無電梯),三層/四層
小西門４７號,2014/12/11,490.0,17.6,27.89,90.79,公寓(5樓含以下無電梯),一層/三層
中興路１７３巷６之１號,2014/9/23,465.0,17.3,26.9,,店面（店舖),"一層,二層,三層/三層"
環島北路一段３８巷１６弄１號２樓,2014/8/1,480.0,15.7,30.54,92.69,公寓(5樓含以下無電梯),二層/三層
小西門４６號３樓,2014/8/1,390.0,14.1,27.57,93.78,公寓(5樓含以下無電梯),三層/三層
小西門４８號３樓,2014/8/1,205.0,14.9,13.78,,公寓(5樓含以下無電梯),三層/三層
小西門４８號,2014/7/30,260.0,19.6,13.29,,公寓(5樓含以下無電梯),一層/三層
珠浦西路６巷２弄１號五樓,2014/7/29,615.0,24.9,24.65,62.01,公寓(5樓含以下無電梯),五層/七層
環島北路一段３８巷１６弄１號１樓,2014/7/22,620.0,19.5,31.71,89.25,公寓(5樓含以下無電梯),一層/三層
金城新莊３巷１號,2014/7/3,620.0,27.9,22.2,100.00,公寓(5樓含以下無電梯),一層/四層
民生路６７號,2014/6/4,5500.0,53.5,102.72,,店面（店舖),"一層,二層,騎樓/二層"
環島北路一段３８巷１弄３號３樓,2014/4/25,660.0,20.5,32.22,88.89,公寓(5樓含以下無電梯),三層/三層
小西門４８號２樓,2014/4/13,220.0,14.0,15.68,77.31,套房(1房(1廳)1衛),二層/三層
小西門４９號３樓,2014/4/13,410.0,15.4,26.6,93.77,公寓(5樓含以下無電梯),三層/三層
小西門４７號３樓,2014/4/13,450.0,16.2,27.85,90.78,公寓(5樓含以下無電梯),三層/三層
珠沙里小西門４６號,2014/4/2,380.0,13.8,27.57,93.78,公寓(5樓含以下無電梯),一層/三層
小西門４９號二樓,2014/3/19,420.0,16.0,26.23,95.09,公寓(5樓含以下無電梯),二層/三層
庵前４２之５號二樓,2014/3/4,365.0,21.8,16.71,81.97,公寓(5樓含以下無電梯),二層/三層
庵前４２之５號三樓,2014/3/4,380.0,22.7,16.71,81.97,公寓(5樓含以下無電梯),三層/三層
庵前４２之６號,2014/3/4,350.0,21.2,16.52,81.76,公寓(5樓含以下無電梯),一層/三層
庵前４２之６號三樓,2014/3/4,350.0,21.2,16.52,81.76,公寓(5樓含以下無電梯),三層/三層
庵前４２之６號二樓,2014/3/4,348.0,21.1,16.52,81.76,公寓(5樓含以下無電梯),二層/三層
庵前４２之７號,2014/3/4,400.0,24.2,16.52,81.76,公寓(5樓含以下無電梯),一層/三層
庵前４２之７號二樓,2014/3/4,350.0,21.2,16.52,81.76,公寓(5樓含以下無電梯),二層/三層
庵前４２之７號三樓,2014/3/4,420.0,25.4,16.52,81.76,公寓(5樓含以下無電梯),三層/三層
庵前４２之８號,2014/3/4,380.0,22.7,16.71,81.97,公寓(5樓含以下無電梯),一層/三層
庵前４２之８號二樓,2014/3/4,350.0,20.9,16.71,81.97,公寓(5樓含以下無電梯),二層/三層
庵前４２之８號三樓,2014/3/4,380.0,22.7,16.71,81.97,公寓(5樓含以下無電梯),三層/三層
庵前４２之５號,2014/3/4,390.0,23.3,16.71,81.97,公寓(5樓含以下無電梯),一層/三層
西海路三段１０６巷１５弄１號三樓,2014/2/26,470.0,21.1,22.29,84.56,公寓(5樓含以下無電梯),三層/三層
浯江街９巷１號２樓,2014/2/26,680.0,19.5,34.84,76.03,公寓(5樓含以下無電梯),二層/五層
珠浦西路６巷２弄３－１號三樓,2014/1/22,270.0,24.6,10.97,77.83,套房(1房(1廳)1衛),三層/四層
民族路３２之１號３樓,2013/12/31,525.0,22.9,22.94,77.10,公寓(5樓含以下無電梯),三層/五層
中興路２０５巷１８號二樓,2013/12/13,350.0,21.1,16.59,79.19,華廈(10層含以下有電梯),二層/七層
民權路２２６巷４弄６號２樓,2013/10/15,910.0,26.4,34.52,73.57,華廈(10層含以下有電梯),二層/七層
西海路３段３９巷２弄１８號２樓,2013/10/9,412.0,13.7,30.07,91.21,公寓(5樓含以下無電梯),二層/三層
珠浦南路７４巷３７號四樓,2013/9/5,900.0,27.8,32.42,77.81,公寓(5樓含以下無電梯),四層/五層
民族路２１０巷９之１號２樓,2013/8/23,439.0,20.2,21.68,79.00,公寓(5樓含以下無電梯),二層/四層
珠浦西路２８巷２弄５號三樓,2013/7/17,1000.0,27.0,37.0,80.75,公寓(5樓含以下無電梯),三層/五層
民權路２２６巷４弄６號四樓,2013/7/5,670.0,19.4,34.52,73.57,公寓(5樓含以下無電梯),四層/七層
民權路１２２巷１弄６之１號３樓,2013/7/3,580.0,25.6,22.7,77.25,公寓(5樓含以下無電梯),三層/四層
珠浦西路２８巷４弄１之１號１樓,2013/6/27,800.0,30.4,26.28,75.35,公寓(5樓含以下無電梯),一層/五層
珠浦西路２８巷４弄１之１號２樓,2013/6/27,670.0,25.5,26.28,75.35,公寓(5樓含以下無電梯),二層/五層
珠浦西路２８巷４弄１之１號３樓,2013/6/27,650.0,24.7,26.28,75.35,公寓(5樓含以下無電梯),三層/五層
珠浦西路２８巷４弄１之１號４樓,2013/6/27,610.0,23.2,26.28,75.35,公寓(5樓含以下無電梯),四層/五層
珠浦西路２８巷４弄１之１號５樓,2013/6/27,610.0,23.2,26.28,75.35,公寓(5樓含以下無電梯),五層/五層
民權路２２６巷４弄１５號５樓,2013/6/26,740.0,24.9,29.76,80.42,公寓(5樓含以下無電梯),五層/五層
民權路２２６巷４弄７號二樓,2013/5/15,540.0,15.6,34.52,73.57,華廈(10層含以下有電梯),二層/七層
民權路２２６巷４弄７號三樓,2013/5/15,530.0,15.4,34.52,73.57,華廈(10層含以下有電梯),三層/七層
民權路２２６巷４弄７號四樓,2013/5/15,660.0,19.1,34.52,73.57,華廈(10層含以下有電梯),四層/七層
民權路２２６巷４弄７號五樓,2013/5/15,595.0,17.2,34.52,73.57,華廈(10層含以下有電梯),五層/七層
民權路２２６巷４弄７號六樓,2013/5/15,565.0,16.4,34.52,73.57,華廈(10層含以下有電梯),六層/七層
民權路２２６巷４弄６號三樓,2013/5/15,660.0,19.1,34.52,73.57,華廈(10層含以下有電梯),三層/七層
民權路２２６巷４弄７號七樓,2013/5/15,650.0,19.5,33.25,74.22,華廈(10層含以下有電梯),七層/七層
民權路２２６巷４弄６號五樓,2013/5/15,610.0,17.7,34.52,73.57,華廈(10層含以下有電梯),五層/七層
民權路２２６巷４弄６號六樓,2013/5/15,560.0,16.2,34.52,73.57,華廈(10層含以下有電梯),六層/七層
民權路２２６巷４弄６號七樓,2013/5/15,650.0,19.5,33.25,74.22,華廈(10層含以下有電梯),七層/七層
民權路６３巷５號,2013/5/1,780.0,33.2,23.46,77.62,華廈(10層含以下有電梯),一層/五層
西海路三段１０６巷１６弄１號二樓,2013/4/16,450.0,17.4,25.92,79.68,公寓(5樓含以下無電梯),二層/三層
中興路２０５巷１６號４樓,2013/4/1,705.0,23.1,30.52,70.29,華廈(10層含以下有電梯),四層/七層
金山路２２號,2013/3/12,650.0,23.2,28.06,83.76,公寓(5樓含以下無電梯),一層/三層
大學路５３巷６弄１５號二樓,2013/3/7,165.0,19.8,8.35,75.80,套房(1房(1廳)1衛),二層/三層
西海路３段８１巷３１號３樓,2013/2/26,261.0,9.5,27.37,94.36,公寓(5樓含以下無電梯),三層/三層
珠浦西路５０巷１１弄１０號二樓之１,2013/2/18,275.0,23.4,11.75,63.83,套房(1房(1廳)1衛),二層/四層
民權路１２２巷１弄６號四樓之１,2013/2/1,200.0,18.6,10.73,75.95,公寓(5樓含以下無電梯),四層/四層
民權路６３巷３號五樓,2013/1/22,500.0,20.5,24.35,65.56,華廈(10層含以下有電梯),五層/五層
民權路６３巷５號２樓,2013/1/22,570.0,22.0,25.89,70.36,華廈(10層含以下有電梯),二層/五層
民權路６３巷５號三樓,2013/1/22,530.0,20.5,25.89,70.36,華廈(10層含以下有電梯),三層/五層
民權路６３巷５號四樓,2013/1/22,470.0,18.2,25.89,70.36,華廈(10層含以下有電梯),四層/五層
民權路６３巷５號五樓,2013/1/22,530.0,20.5,25.89,70.36,華廈(10層含以下有電梯),五層/五層
環島北路一段３８巷１弄３號３樓,2013/1/18,520.0,16.1,32.22,88.89,公寓(5樓含以下無電梯),三層/三層
環島北路一段３８巷１弄５號３樓,2013/1/18,505.0,16.1,31.32,89.25,公寓(5樓含以下無電梯),三層/三層
民權路２２６巷２弄１３號二樓,2013/1/8,630.0,15.7,40.06,64.28,華廈(10層含以下有電梯),二層/十層
民權路２２６巷２弄１３號三樓,2013/1/8,610.0,15.0,40.79,63.13,華廈(10層含以下有電梯),三層/十層
民權路２２６巷２弄１３號四樓,2013/1/8,600.0,15.0,40.02,64.35,華廈(10層含以下有電梯),四層/十層
民權路２２６巷２弄１３號五樓,2013/1/8,625.0,15.6,40.02,64.35,華廈(10層含以下有電梯),五層/十層
民權路２２６巷２弄１３號六樓,2013/1/8,641.0,16.0,40.02,64.35,華廈(10層含以下有電梯),六層/十層
民權路２２６巷２弄１３號七樓,2013/1/8,690.0,17.2,40.02,64.35,華廈(10層含以下有電梯),七層/十層
民權路２２６巷２弄１３號八樓,2013/1/8,713.0,17.8,40.02,64.35,華廈(10層含以下有電梯),八層/十層
民權路２２６巷２弄１３號九樓,2013/1/8,689.0,17.2,40.02,64.35,華廈(10層含以下有電梯),九層/十層
民權路２２６巷２弄１３號十樓,2013/1/8,945.0,23.6,40.02,64.35,華廈(10層含以下有電梯),十層/十層
民權路２２６巷２弄１５號二樓,2013/1/8,670.0,16.7,40.06,64.28,華廈(10層含以下有電梯),二層/十層
民權路２２６巷２弄１５號三樓,2013/1/8,610.0,15.0,40.79,63.13,華廈(10層含以下有電梯),三層/十層
民權路２２６巷２弄１５號四樓,2013/1/8,600.0,15.0,40.02,64.35,華廈(10層含以下有電梯),四層/十層
民權路２２６巷２弄１５號五樓,2013/1/8,610.0,15.2,40.02,64.35,華廈(10層含以下有電梯),五層/十層
民權路２２６巷２弄１５號六樓,2013/1/8,635.0,15.9,40.02,64.35,華廈(10層含以下有電梯),六層/十層
民權路２２６巷２弄１５號七樓,2013/1/8,690.0,17.2,40.02,64.35,華廈(10層含以下有電梯),七層/十層
民權路２２６巷２弄１５號八樓,2013/1/8,713.0,17.8,40.02,64.35,華廈(10層含以下有電梯),八層/十層
民權路２２６巷２弄１５號九樓,2013/1/8,688.0,17.2,40.02,64.35,華廈(10層含以下有電梯),九層/十層
民權路２２６巷２弄１５號十樓,2013/1/8,800.0,20.0,40.02,64.35,華廈(10層含以下有電梯),十層/十層
大學路５３巷６弄１號三樓之２,2012/12/30,140.0,19.6,7.15,83.21,套房(1房(1廳)1衛),三層/三層
大學路５３巷６弄１６號二樓,2012/12/30,155.0,18.6,8.35,75.80,套房(1房(1廳)1衛),二層/三層
大學路５３巷６弄１７號二樓,2012/12/30,160.0,18.7,8.56,76.18,套房(1房(1廳)1衛),二層/三層
大學路５３巷６弄１７號三樓,2012/12/30,160.0,18.7,8.56,76.18,套房(1房(1廳)1衛),三層/三層
大學路５３巷６弄９號三樓,2012/12/30,175.0,14.6,12.01,71.51,套房(1房(1廳)1衛),三層/三層
大學路５３巷６弄１７號,2012/12/30,160.0,18.7,8.56,76.18,套房(1房(1廳)1衛),一層/三層
珠浦西路６巷６弄３號五樓,2012/12/21,440.0,22.8,19.31,85.56,公寓(5樓含以下無電梯),五層/五層
西海路三段２２巷２３弄６號３樓,2012/12/12,400.0,15.0,26.6,100.00,公寓(5樓含以下無電梯),三層/三層
大學路５３巷６弄１５號三樓,2012/12/3,155.0,18.6,8.35,75.80,套房(1房(1廳)1衛),三層/三層
大學路５３巷６弄１６號三樓,2012/12/3,155.0,18.6,8.35,75.80,套房(1房(1廳)1衛),三層/三層
大學路５３巷６弄１０號三樓,2012/12/3,140.0,19.6,7.15,83.21,套房(1房(1廳)1衛),三層/三層
大學路５３巷６弄１２號三樓,2012/12/3,140.0,19.8,7.06,82.98,套房(1房(1廳)1衛),三層/三層
大學路５３巷６弄１３號三樓,2012/12/3,140.0,19.8,7.06,82.98,套房(1房(1廳)1衛),三層/三層
大學路５３巷６弄１１號三樓,2012/12/3,140.0,19.8,7.06,82.98,套房(1房(1廳)1衛),三層/三層
富康一村９巷９號５樓,2012/11/9,510.0,16.7,30.59,77.37,公寓(5樓含以下無電梯),五層/五層
民權路７０巷１１弄２１號,2012/10/11,800.0,28.6,27.93,88.10,華廈(10層含以下有電梯),一層/六層
民權路７０巷１１弄２３號,2012/10/11,800.0,27.8,28.78,86.93,華廈(10層含以下有電梯),一層/六層
大學路５３巷６弄１５號,2012/8/30,165.0,19.8,8.35,75.80,套房(1房(1廳)1衛),一層/三層
民權路１８４巷３弄１號２樓,2012/8/6,600.0,17.7,33.98,81.58,公寓(5樓含以下無電梯),二層/五層
珠浦西路９４巷１１之２號１樓,2012/7/13,450.0,16.5,27.26,83.49,公寓(5樓含以下無電梯),一層/四層
